name,address,birth_year
Harper,Moret-sur-Loing,1997
Mari,Lourdes,1993
Carmon,Aubenas,1983
Carce,Baranoa,1971
Feodor,Kuala Lumpur,1971
Marie,Pingfeng,2003
Jori,Xianqiao,1997
Lyon,Dolní Počernice,1980
Aprilette,Uherce Mineralne,2006
Adam,Sumbergayam,1994
Leonhard,Gwio Kura,1990
Rudolph,Zhongcun,1986
Tammie,Huanghua,1998
Aretha,General Belgrano,1996
Valentina,Xinglong,1970
Marla,Tuhe,1970
Netti,Täby,1993
Page,Xiaoguai,1988
Lorens,Guanjiabao,2008
Fulton,Kālia,1973
Fabio,Taourirt,1971
Laina,Rennes,2007
Germana,Mymensingh,1998
Jabez,Göteborg,2002
Lucio,Pamoyanan,1976
Wallie,Pas Pul,2004
Misty,Mulanje,1986
Carlyn,Tahara,1990
Randy,Lastoursville,1997
Farah,Xianxi,1989
Darcie,Fort Worth,1997
Claudia,La Soledad,2007
Bernardina,Casal da Anja,1982
Ricard,Paris 20,1971
Ramonda,Sumurwaru,1982
Millisent,Timahankrajan,1975
Horace,Gaopi,1977
Dorris,Tolstoy-Yurt,1991
Marys,El Cuy,1980
Reginald,Gumi,2004
Gregorio,Albacete,1990
Andris,Dadoupu,1990
Duffie,Yên Thành,2000
Oralia,Funafuti,1979
Quintilla,Lang,1985
Callida,Tanshan,1986
Leese,Columbus,2008
Wilburt,Boca Chica,1989
Renaud,Toulon,1994
Kasper,Mahdia,2005
Barnaby,San Miguel del Padrón,1970
Julianne,Zhangyang,1989
Camala,Kiritsy,2002
Walsh,Viga,1977
Raoul,Wuping,1972
Ruggiero,Clarence-Rockland,1979
Elladine,Ipubi,1989
Pamela,Kermānshāh,1972
Erick,Xilian,1979
Ulises,Timeng,1988
Winnie,Chợ Mới,1978
Jan,Lluchubamba,1996
Floris,Igbo Ora,2007
Belia,Åmål,1987
Karlis,Guihing Proper,1974
Bradly,Sulop,1998
Rustin,Vimieiro,1989
Tildy,Guanba,1979
Hanson,Além,1990
Isador,Siluko,1979
Chelsy,Vatutino,2007
Lotta,Xinhua,2009
Carolina,Duping,1985
Jaimie,Kupu,1979
Marley,Quezon,1991
Homere,Kangshan,1994
Nikola,Ábrego,2007
Koren,Waihibar,2005
Moses,Chiscas,1985
Livy,Tashla,1995
Jacky,Wentugaole,1982
Lulu,Xarsingma,1978
Modesta,Kiszkowo,1992
Rancell,Saryözek,1987
Allan,Sabang,2010
Zebedee,Gayam,1970
Gelya,Nowe Miasto,1988
Griff,Sanjiang,2007
Lelah,Babakan,1983
Corly,Jinhe,1973
Godwin,Gorzów Śląski,2004
Amata,Wuyo,1992
Wayland,Rudong,1997
Waldon,Omigawa,2008
Wright,Suba,1990
Keith,Al Quwaysimah,1996
Rab,Dukuhpicung,1973
Janey,Buruanga,2009
Gian,Kontagora,1970
Xenia,Kang,2000
Shane,Cañada de Gómez,2008
Sigfried,Qingquan,1999
Lancelot,Kijini,1993
Paola,Zhongling,1994
Renata,Tála,2007
Tyrone,Fussa,1987
Tera,Khāndbāri,1995
Faustine,Houzhai,1982
Immanuel,Tampa,1983
Lita,Yangiqo‘rg‘on,1992
Victoria,Zhongxing,1974
Howard,Molodohvardiys’k,1990
Vince,Kafue,1993
Jillian,Ordos,1981
Tabitha,Sofádes,1981
Sherie,Ichupampa,1989
Hobey,Aniso,1996
Ceil,Tigbinan,1979
Abbe,Souto da Costa,2006
Elisha,Moita,1988
Elysha,Gaohu,1996
Angelique,Ústí nad Labem,1994
Winona,Pang,1986
Anatole,Cap-Santé,1990
Haskell,Almodôvar,1993
Maison,Masingbi,1983
Flossi,Khallat Şāliḩ,1989
Darby,Eschweiler,1998
Drusilla,Lago dos Rodrigues,1989
Ruthe,San Fernando,1983
Josephina,Bogovinje,1984
Shelagh,Luz de Tavira,1995
Poppy,Créteil,2002
Nanci,Novospasskoye,2007
Bendite,Manolo Fortich,1996
Candy,Nombre de Jesús,1979
Giselle,Mtsensk,1975
Faydra,Tišina,1976
Janella,Tambakrejo,1985
Lexie,Wierzchucino,2005
Karl,Asquipata,2004
Lyn,Chadong,1970
Auberon,Pābna,2000
Almeta,Göteborg,1994
Bernete,Binangun,1987
Frannie,Anxi,1986
Georgetta,Chuanshan,1984
Powell,Tuguan,2000
Albina,Kilju,1992
Maryrose,Chenzhouzhai,2010
Findlay,Kalāt-e Nāderī,1979
Becka,Babakan,1986
Mellisent,Tāngāil,1971
Florentia,Kostel,1970
Hinze,Yeliguan,1989
Hayley,Dschang,2001
Sandye,Beijie,1996
Robin,Golek,1983
Olia,Rasshevatskaya,1983
Hamlen,Kepel,1997
De,Altenberg bei Linz,1992
Nicolis,Shiqiao,1991
Dolli,New Bedford,2006
Cami,Woniuhe,2008
Cassy,Qaram Qōl,1991
Therine,Wenchang,2010
Burtie,Bedadung Kulon,1989
Morse,Qo’ng’irot Shahri,1980
Orbadiah,Grijó,1985
Base,Puning,1997
Lawrence,Zakhim,1977
Angy,Balidian,1994
Alexia,Luoshui,1978
Claiborne,Mambalan,1973
Kaitlin,Shlissel’burg,1995
Agatha,Burgos,1996
Blakelee,Asamboka,1995
Madelene,Gojō,1986
Myrtia,Winschoten,1988
Cozmo,Petong,1990
Kile,Dukuh Kaler,1997
Leslie,Bengras,1994
Dietrich,Ransang,1980
Conan,Driefontein,2003
Gaelan,Gersikputih Tengah,1991
Lenore,Modot,1999
Erl,Verkhniy Mamon,1979
Alexandre,São Silvestre,2003
Damara,Basseterre,2009
Wallis,Xiaoguai,1974
Viviyan,Pereira Barreto,1974
Filippa,Hwado,1986
Shirlene,Denver,2009
Dorena,Jalpatagua,1981
Guendolen,Thabazimbi,1980
Milty,Xinfa,1988
Milka,Dinghuo,1993
Lowrance,Xihe,2002
Shelia,Camatindi,1975
Fielding,Figueiras,1977
Addy,Boa Viagem,1993
Russell,Maimará,2001
Merry,Alupay,1971
Isador,Fonadhoo,2002
Nissy,Dongtian,1993
Rustie,Belo Horizonte,2000
Kettie,Bojszowy Nowe,1972
Iona,Tripoli,1971
Emili,Santa María de Ipire,1991
Haven,Tvrdonice,1981
Evelyn,Bandarlampung,2010
Cordy,Moerewa,1986
Sherman,Banjar Sandinggianyar,1973
Joelly,Totolan,1996
Devi,Peddie,2003
Dino,Taishang,2006
Merna,Chornomors’ke,1984
Willdon,Genova,1977
Delora,Lille,1984
Mar,Bejuco,1991
Barnard,Novosel’ye,1981
Yolane,Łęczyce,2009
Jefferson,Ágios Geórgios,1973
Archambault,Krasnovishersk,1973
Connie,Decatur,1988
Bibi,Vila Chã,2008
Malorie,San Rafael,1979
Julianna,Palcza,1979
Eldon,Gunungbatu,1993
Gilbertina,Lávara,1989
Nolana,Boje,1981
Waite,Księżpol,1978
Kipper,Tílisos,2007
Elvera,Misasi,2008
Paolo,Lyon,2004
Marlane,Clermont-Ferrand,1971
Arlee,Pervomays’k,1980
Leeann,Tournai,1974
Bram,Mapalacsiao,2004
Ilyse,Yenangyaung,1998
Caro,Likiep,1970
Yancy,Youguzhuang,1993
Crysta,Kavadarci,2010
Laure,Kabar Utara,1995
Gino,Lingshan,1980
Tamas,Delmiro Gouveia,2003
Florentia,Mascouche,1983
Tann,Zhifang,1977
Ronnica,Bitam,1978
Tedmund,Mengjia,1977
Helli,Moroni,1975
Mack,Boyeros,1976
Humphrey,Jaciara,2000
Sherrie,Watsa,1973
Lettie,Songjiang,1995
Katheryn,Uluale,2008
Gabey,Yuxarı Aran,2004
Karola,Chaowai,1976
Adelaide,Meia Via,1975
Derron,Yasenskaya,2010
Nedi,Nongba,1992
Saw,Kiukasen,2000
Hugues,Khorlovo,1976
Tarah,Nortelândia,1992
Berthe,Claye-Souilly,2008
Leonie,Espinal,1995
Kaiser,Pā’īn-e Bāzār-e Rūdbār,1976
Erinn,Is,2000
Catrina,Konso,2000
Leonora,Fontana,1997
Joice,Petrolina de Goiás,2006
Halette,Łopuszno,1984
Red,Elena,1991
Faythe,Tongshan,2003
Tasia,Hujra,1971
Marie-jeanne,Beringovskiy,1973
Rutherford,Barrosas,2010
Debi,Margen,2005
Donetta,Afántou,1972
Karilynn,Rumat Heib,1974
Thea,Sansheng,2005
Paola,Elmira,1976
Florentia,Köping,1978
Jory,Mstsislaw,1972
Jana,Hejiabao,1989
Abner,Ayní,1992
Aldrich,Nueva Imperial,2000
Donovan,Edineţ,2007
Randy,La Concepcion,1998
Jehu,Sukaraja,1984
Harmonie,Āshkhāneh,1990
Clarey,São João dos Patos,1995
Bernete,Udon Thani,2008
Lurlene,Breia,1987
Venita,Taiba,2006
Paulie,Glugur Krajan,1970
Silva,Lohayong,1980
Storm,Greenwood,2006
Patsy,Usagara,1990
Lynde,Patambuco,1992
Alvina,Nanqiao,1970
Virgilio,La Cruz de Taratara,2010
Julianna,Örnsköldsvik,2005
Zolly,Gornje Živinice,1978
Darill,Balabagan,1973
Chrystal,Savyon,2006
Tull,Jiuting,1997
Raphaela,Qinjiang,1989
Tyrus,Gunungmanik,1976
Rebeca,Gritsovskiy,1988
Shandra,Pantin,1982
Issy,Paucarbamba,1983
Lizbeth,Peoria,1987
Obie,Monaghan,1998
Mitchell,Teodoro Sampaio,2005
Karil,Inayauan,2010
Ollie,Pinhal General,1984
Jessica,Memphis,1996
Jewel,Krajan Pocangan,1978
Sofie,Kuala Lumpur,1979
Meridith,Chincha Baja,1978
Frederica,Chuchkovo,1975
Bar,General Alvear,1989
Philbert,Chuncheon,1998
Kellen,Baolong,1993
Cristy,Agua Fría,1996
Mabelle,Higuerote,1989
Thelma,Cergy-Pontoise,2005
Vallie,Lyon,2001
Bria,Sunchales,1994
Hercule,Qingshui,1987
Fran,Shayu,1999
Tremayne,Chuguyevka,1994
Jo,Hujiaying,2002
Eldin,Didi Lilo,1985
Austina,Birayang,2005
Clayson,Elefsína,2006
Derrick,Wang’er,1984
Harry,Yingpu,1970
Christiano,Vila Boa do Bispo,1974
Dedra,Valera,2005
Theodoric,Limoges,2010
Ode,Hovězí,2004
Gauthier,Ängelholm,1990
Fina,Gorna Oryakhovitsa,1979
Caddric,Lubu,1995
Mary,Taungoo,1987
Mozelle,Florencio Varela,2008
Shellie,Longquan,1987
Amii,Datartua,1987
Morgen,Mamali,1973
Raynell,Totoras,2001
Andie,Uhniv,2006
Corilla,Rawa,1992
Zebulon,Yushan,2007
Viv,Karelichy,1991
Kimmi,Jambean,1983
Hyacinthie,Saparbay,2007
Mack,Dolavón,1998
Sander,Okegawa,1995
Dav,Araucária,1975
Marietta,Huta Stara B,1994
Donnamarie,Aserrío de Gariché,2004
Maurice,Riba de Ave,1976
Almeda,Vimieiro,1974
Jacquenette,Lady Grey,1988
Marcus,Kirs,1991
Egan,Salaya,1999
Arel,Pogag,2009
Horatia,Independencia,1980
Denice,Chicago,1976
Talya,Pasirreungit,1991
Theresa,Velykyy Klyuchiv,2004
Cyrill,Sam Chuk,1985
Thorin,Songon,1972
Sorcha,Noenoni,1998
Benny,El Escanito,1979
Annabella,Escada,2009
Yolanda,Mādabā,1982
Franky,Zamora,1970
Duky,Caticugan,1997
Lory,Xinhang,1975
Ronica,Kayapa,2010
Hubert,Guamal,2006
Colby,Hualin,1993
Adelind,Mehron,1989
Lea,Mēga,2002
Fairleigh,Hadyach,1988
Nikolas,Tabiauan,2009
Atlante,Owczarnia,2008
Carney,Gambiran,2009
Kenneth,Rothesay Bay,1976
Erna,Santo Tomas,2006
Cherye,Castro Daire,1972
Caleb,Donetsk,1973
Ashly,Cipari,1991
Rosalia,Handa,1995
Bette-ann,Okaya,1980
Marion,Hornówek,2005
Dyanna,Quebrada de Arena,1975
Morgana,Kura,2005
Xylina,Bobowo,1970
Grady,Torsby,1994
Wynn,Conde,2001
Alleyn,Tân Kỳ,1980
Brockie,Stockton,1997
Ashla,Gongdao,1985
Ferdinand,Bāqim as Sūq,2004
Angeline,Shijie,1974
Devonne,Nartkala,1981
Fabe,Mishixiang,2009
Meggi,El Charco,1974
Rachelle,Mulyoagung,1996
Jarid,Rucheng Chengguanzhen,2001
Candice,Santiago De Compostela,1987
Marianne,Konice,1983
Harrison,Weda,1975
Ryon,Mikhaylovsk,2008
Halsy,Pinheiral,1981
Abba,Rizal,1991
Jareb,Ljungskile,2000
Dermot,Kaédi,1975
Garrott,Włoszakowice,1970
Holli,Char Bhadrāsan,1985
Grier,Malianzhuang,1989
Indira,Rokytnice nad Jizerou,1993
Ezri,Shijiazhuang,2004
Murielle,Shu,1994
Abran,Risaralda,2006
Ryley,Wang Sai Phun,1981
Johan,Bogo,1992
Odette,Nong Ruea,1988
Godart,Mamburao,2003
Janice,Tanjay,1989
Rivkah,Arauca,1975
Adan,Iwonicz-Zdrój,1988
Brittan,Vale de Figueira,1995
Vonni,Zheleznodorozhnyy,2006
Fina,Yangkou,1984
Doll,Pryazovs’ke,2010
Osbourne,Bianba,1989
Fenelia,Cigebrok,2001
Jacqueline,Lárdos,1979
Jonathon,Vitez,1992
Karisa,Taokeng,1991
Levey,Frampol,1995
Bengt,Itacorubi,1986
Andre,Dawuhan,1999
Pearl,Yedogon,1989
Terry,Lyon,2001
Patric,Cam Lộ,1982
Mace,Rzozów,1996
Lucina,Satu Nou,2010
Isador,Banquero,1970
Jamie,Lille,1985
Glenn,Unquillo,1990
Carolyne,Louguan,1989
Davidson,Tawen Aobao,2002
Maurita,Trá Mhór,1975
Juditha,Dahongmen,1978
Anabelle,Khinjān,2010
Jack,Huji,2010
Joelie,Jiangzao,1996
Morly,Ban Huai Thalaeng,1971
Yolane,Prabuty,1980
Lydia,Cawayan,1980
Cloris,Bayanhongor,1992
Brandy,Esperanza,1972
Doralyn,‘Ajlūn,1972
Kenn,Austin,1998
Randall,Mandera,1980
Butch,Skien,2004
Ossie,Qingshandi,1990
Laney,Sedayu,1976
Tymothy,Älmhult,1985
Shaylyn,Cát Bà,1979
Elsbeth,Bordeaux,1973
Frederico,Ichinoseki,1983
Matty,Malinovskiy,1981
Gilles,Jawornik Polski,1986
Nichols,Suizhou,1990
Pauletta,San Miguel,1978
Anatollo,Schifflange,1983
Max,Valparaíso,1990
Maxie,Guohe,1973
Bourke,Launceston,1999
Barbette,Abbeville,1995
Syman,Houten,2004
Deborah,Roshal’,1991
Lavinie,Xiwang,2005
Der,Huazhu,1971
Chauncey,Taohua,1999
Fernandina,Nakło nad Notecią,2009
Bobbee,Jagna,2005
Meris,Xianglan,1985
Allison,Ad Dilam,1991
Marylin,Sokyryany,1974
Marion,Varva,1980
Hart,Krasnotur’insk,1994
Berenice,Kafr Kannā,1996
Garik,Purwodadi,2004
Goldie,Jevíčko,1998
Timothee,Planaltina,2009
Kathi,Stockholm,1972
Arabele,Pulau Pinang,1988
Hubie,Francisco I Madero,1995
Franciskus,Shixiang,2008
Anissa,Emiliano Zapata,1996
Malvin,Xuanhua,2005
Jackquelin,Västerhaninge,1995
Liza,Klumbu,1975
Ethelred,Sanming,1972
Bary,Nicosia,1970
Albrecht,Arauco,2003
Darbee,Utrecht (stad),1973
Arley,Vitina,2000
Willem,Miao’ertan,2000
Bree,Novi Bečej,1979
Rosabelle,Fengchan,1992
Maggie,Dallas,1979
Dorella,Sumiainen,1998
Zeke,Tyre,1998
Nissie,Massy,2010
Doralyn,Nantes,1987
Hermann,Baitian,1999
Adelle,Refojos,1981
Therine,Januária,1989
Florian,Fengpo,2000
Lois,Kembangarum,2008
Stacy,Tuanshansi,2007
Tabbie,Vyšší Brod,2002
Fernandina,Dal’nerechensk,1991
Shae,Omaha,1993
Annabel,Kadukaung,1994
Nanny,Jalanbaru,1971
Verna,Pulaupanggung,1999
Noam,Bogorodskoye,1991
Pattin,La Dicha,1989
Hogan,Kālia,1995
Arabele,Setro,2007
Keenan,Mobile,1983
Camile,Cobh,1986
Mario,Infanta,2000
Rochette,Kukushtan,2004
Tiff,Beregovoy,2007
Terese,Liudong,1989
Netta,Cogtong,1979
Delphine,Balta,2002
Brunhilde,Jiuxian,2005
Lenore,Oekero,1988
Cleo,Nanshi,1975
Prentice,Cruzeiro do Oeste,1974
Emelda,Patsi,1976
Ambrosio,Kuching,1999
Tiebout,Lagoa da Prata,2010
Stepha,Presidente Epitácio,2001
Ezra,Krajan Kedungsalam,1981
Kippar,Şanā’,1975
Pieter,Tongshan,1990
Joane,Vodnyy,1993
Michelle,Al Badārī,1985
Chaunce,Pont-Rouge,1992
Lilli,Bajo,1992
Dominique,Fuvahmulah,1974
Livvy,Olkusz,1977
Shari,Fort Lauderdale,1974
Heriberto,Xuezhen,1981
Larina,Laoshawan,1987
Grantham,Stanišić,2003
Agosto,Kulia Village,1980
Dyanne,Buaran,1980
Gherardo,Jezzîne,1985
Maisey,Uluale,1989
Alameda,Wujiaying,1973
Lucais,Longjumeau,2002
Truda,Panalanoy,1972
Sophronia,Infanta,1995
Ricky,Zhangdian,1996
Cher,Puqi,1989
Bartolemo,Dar es Salaam,1984
Dore,Töreboda,1976
Nadya,Gore,1978
Thorny,Kotikawatta,1988
Pia,Pasirputih,1977
Hagen,Baraya,1983
Jerrome,Tëploye,1970
Tallia,North Little Rock,1971
Mandie,Amiens,1977
Zitella,Kushovë,1992
Ernestine,Hualong,1987
Rafaelita,Chingas,2003
Meir,Khirdalan,1991
Daloris,Ô Môn,1989
Jolene,Papakura,1974
Clarie,Bacong,1999
Spencer,Incheon,2002
Valeria,Necochea,1977
Robinet,Eskilstuna,1993
Kippar,Chernelytsya,1989
Grantley,Longping,2007
Carlene,Bolkhov,1986
Jean,Mělník,1977
Missy,Palaran,1974
Haroun,Sanyi,1975
Sandi,Tsubata,1989
Moore,Bergen op Zoom,1983
Andree,Três Coroas,1996
Pepillo,Wujian,1974
Una,Lubao,1976
Elena,Shangma,1974
Brigitta,Miass,1993
Kenny,Borjomi,1998
Vonny,Perth,1998
Dominick,Jinsha,2000
Madge,Banjarjo,1997
Anthea,Wensu,1999
Babbette,Glan,1979
Eve,Ervedosa do Douro,1988
Maudie,Idritsa,2010
Nara,Kvitok,1979
Maye,Brea Pozo,2004
Doretta,Paris 14,1988
Malcolm,Chiba,1997
Rona,Kuanghe,1994
Elly,Indianapolis,1988
Huntington,Quimper,1995
Field,Gonghe,1999
Sammy,Igarapé Açu,1975
Roseann,Cintawana,1986
Correna,Kanie,2003
Quill,Ranao,1985
Billy,Lian’an,1998
Corrina,Zhuhu,1970
Ines,Kangdong-ŭp,1979
Andros,Chachoengsao,1994
Pammy,Lanzhong,1987
Joleen,Krásná Hora nad Vltavou,2008
Ree,Sambirobyong,1983
Raffarty,Xinbu,1999
Fanni,Larap,2007
Ilise,Uppsala,1984
Orlan,Daqiao,2001
Min,Qiaolin,1992
Shoshana,Brant,2004
Darline,Tønsberg,2000
Iona,Paraíso,1988
Kareem,San Fernando,1972
Elsinore,Hanušovice,1979
Gertrud,Teresa,1994
Sloan,Zhuyeping,1991
Jocelin,San Antonio,1993
Josy,Jishan,2001
Hans,Cilebang Satu,1973
Jorie,Tuncheng,1970
Ingra,Karang Tengah,1970
Perren,Sv. Ana v Slov. Goricah,1988
Free,Chavarría,1987
Gayler,Bromma,1983
Joleen,Suraż,1999
Filmer,Portëz,2003
Dulcea,Zyuzino,1998
Jenni,Shido,1990
Tessi,Colquemarca,2007
Hasheem,Covas da Raposa,1988
Salomo,Prudentópolis,1975
Obidiah,Sumeng,2001
Drusi,Bayasgalant,1983
Callie,Skärhamn,2005
Bonnibelle,Rancaerang,1997
Catlaina,Kukushtan,1992
Rivy,Rerawere,1979
Daniella,Bum Bum,2010
Tyson,San Benito Abad,1972
Bibby,Sadov,1973
Cortie,Atlanta,2000
Darren,Naran Bulag,1972
Bessie,Outeiro,1982
Luz,San José,1994
Bonni,Garmo,1994
Kristoforo,Yizhang Chengguanzhen,1998
Davon,Baiguo,1972
Teirtza,Soutinho,1992
Remus,Golema Rečica,2003
Klemens,Algarvia,2002
Weylin,Huangnan,2007
Dave,Minji,1976
Alister,Paldiski,1999
Adore,Sremska Mitrovica,1999
Gleda,Hovås,1972
Piotr,Roanne,1970
Kiersten,Guarumal,1988
Timmy,Petrich,1992
Edna,Paris 19,1974
Manon,Xiyang,1975
Reinaldos,Barão de Cocais,1983
Corrina,Muriaé,2004
Faythe,Pushkin,1989
Randall,Dayapan,2010
Freeman,Disina,1974
Branden,Qiling,1973
Theodore,Pantanal,1991
Margaret,Łęknica,1997
Drud,Bongued,1998
Ric,Clanwilliam,1981
Gustie,Saipan,1971
Emile,San Vicente,1997
Emylee,Ngantru,1977
Johnna,Al Mijlad,1989
Gav,Point Hill,1999
Celia,Łętownia,1985
Avrom,Colatina,1971
Hillier,Tumpakkepuh,1981
Joletta,Puerto Rico,2005
Callean,Stockton,1995
Daffi,Niquinohomo,1990
Concordia,Vitarte,1984
Godwin,Luisiana,2005
Ajay,Jiaotang,1974
Jerrome,Kobleve,2007
Neil,Velyki Kopany,2009
Bartie,Khueang Nai,1978
Lynett,Popovice,1976
Montgomery,Neochórion,1998
Newton,Poja Nae,1997
Georgina,Jinnan,1996
Eleanora,Jeremoabo,2000
Xymenes,Yuanba,1975
Lorilyn,Akkol’,2001
Gerri,Mantang,2010
Lefty,Jardia,1999
Tabatha,Burujul,2003
Mikel,Jiepai,1999
Brittan,Frolovo,1984
Anni,Ayacucho,1977
Anselm,Gaya,1990
Tricia,Port-à-Piment,2010
Tann,Sanlian,1972
Marianne,Karara,1974
Marylinda,Karítsa,1980
Chandal,Tha Yang,1997
Fons,Mae Wang,1971
Pembroke,Bokkos,1984
Alexander,Chơn Thành,2000
Lianne,Pico da Pedra,2009
Chanda,Hengpi,2003
Bambi,Trenton,1971
Cosetta,San Juan,1995
Agnesse,Limushan,2009
Denny,Capioví,2004
Randie,Pedrogão,2003
Judi,Gaoqiao,1998
Ted,Bogorodskoye,1999
Inesita,Hongwei,1997
Candy,Maisons-Laffitte,1972
Ernestus,Dasht-e Archī,1990
Tonye,Stockholm,1989
Abbott,Świnna,2000
Arron,Santo Domingo,1979
Henrik,Rokietnica,1991
Lucius,Yosowilangun,1979
Karon,Liushan,2003
Malorie,Bununu Dass,1986
Viviana,Sumbuya,2007
Daryn,Montaigu,1992
Mersey,Hukou,2006
Quentin,Nocaima,1976
Stefa,Quitilipi,1976
Romy,Buje,1983
Anne-marie,Klumpit,1994
Sheppard,Ramiriquí,1994
Chrotoem,Guanlu,1996
Kathryne,Houmen,1993
Georgeta,Cupira,1987
Dawna,Winneba,2006
Kaye,Galamares,1978
Roderic,Beskolen,1981
Hillyer,Nabire,1980
Idalia,Santo Antônio do Monte,1992
Natale,Pāshmūl,1989
Brooks,Rondonópolis,1976
Juliette,Hrtkovci,1984
Cristy,Jistebník,1990
Putnem,Yuxi,2008
Martelle,Tiandu,1982
Gilberta,Balakhta,2008
Malchy,Dabou,2007
Ky,Yanjiang,1990
Arabele,5 de Mayo,1998
Lynnelle,Belle-Anse,1985
Kalinda,Haduohe,1972
Gustav,Nanping,2002
Kaja,San Vicente,2007
Nobie,Zhireken,2008
Aubree,Balite,1979
Bertina,Watangan,1996
Alwyn,Bečmen,1978
Rebeca,Ourinhos,2006
Gus,Changhe,1983
Roarke,Ar Rābiyah,1983
Trish,Rosignol,2003
Jasun,Presidente Médici,1972
Wesley,Liaoyang,2009
Bryn,Birigui,2000
Cher,Uglyanets,2007
Anne,Huangni,1977
Elijah,El Carmen,2004
Elvis,Utama Wetan,2005
Skip,Ji’an,1981
Sharon,Numan,1998
Tami,Berlin,1970
Susann,Muararupit,1975
Lorenza,Cibalung,1975
Clarita,Henglu,1993
Stephana,Pelasgía,2010
Lettie,Parakanpanjang,2004
Llewellyn,Wadi,1972
Morgana,Laimuda,2010
Eleonore,Aristóbulo del Valle,2002
Pam,Извор,1970
Dario,Tuymazy,1973
Brinn,Engenheiro Beltrão,1980
Jordanna,Seattle,1973
Panchito,Stalowa Wola,1999
Brian,Grabovci,1980
Karin,Hengyang,1976
Myron,Dongfeng,2004
Farlie,Zakupne,2004
Candace,Joaquín Suárez,1992
Henryetta,Jinshan,1997
Lia,Vigo,2006
Dulciana,Guli,2003
Kip,Sobreira,1972
Elva,Tempuran,1980
Alanna,Buenavista,1979
Clary,Stanley,2004
Biddie,Rosthern,1990
Slade,Yuncheng,1993
Lula,Dawangzhuang,1996
Lexine,Awka,2002
Sargent,Eusebio Ayala,1977
Glenn,Sadang Kulon,1975
Sampson,Shaoguan,1971
Nicol,Madingou,1974
Neila,Lixu,2002
Luigi,Arma,2007
Gael,Uruaçu,1973
Drusilla,Metz,1985
Jessey,Honghe,1988
Odelinda,Bintulu,1988
Essie,Tangpu,1989
Harman,Santa Barbara,1995
Trudie,Thị Trấn Thuận Châu,1974
Kata,Miguel Hidalgo,1989
Niki,Sigou,1995
Hazel,Zabukovica,1980
Ichabod,Murmashi,2002
Rheba,Pidsandawan,1982
Jarrid,Březová,2008
Elyn,Oslo,2002
Thain,Hudong,1971
Alethea,Buea,2007
Damon,Madīnat Ḩamad,2009
Purcell,Olmos,1978
Bette-ann,Molave,1994
Brody,San Andros,2002
Philipa,Antas,1998
Demetri,Tuncheng,1987
Sigismund,Hokor,1984
Orrin,Brive-la-Gaillarde,1984
Errol,Baimajing,2007
Randal,Jelisavac,2000
Myles,Svrljig,2004
Jacinda,Huddinge,2007
Dollie,Novais,1979
Darla,Wengyang,1999
Mariele,Al Qadarif,1994
Em,Haveluloto,1981
Teodoro,Genève,2004
Leanora,Horlivka,1984
Bebe,Skaramangás,1994
Tedmund,Itororó,2010
Verine,Coruripe,1971
Sven,Darwin,1994
Fernande,Dal’nerechensk,2002
Emelina,Reshetylivka,1973
Lenee,Altıağac,2006
Joan,Ntobo,1991
Juliette,Nangahale,2005
Nanni,Trojanów,1983
Sharline,Qaxbaş,1981
Tony,Créteil,1983
Berkley,Śliwice,1995
Aurore,Duhu,1987
Maria,Soi Dao,1978
Dania,San Marcelino,1981
Theodosia,Yizhang Chengguanzhen,1978
Harcourt,Velké Pavlovice,1999
Huntlee,Muzidian,1973
Maureene,Kuala Lumpur,1999
Miguel,Goiás,1990
Bobbi,San José de los Remates,1987
Alfie,Valparaíso,2001
Bobbye,Pandanwangi,1976
Ema,Shijing,2008
Penn,Matmata,1994
Pierrette,Kaduseeng,2002
Raquel,Badagry,1973
Rasla,Masallātah,2007
Sergeant,Shkotovo,1995
Faina,Qiulu,1978
Allison,Sarukhan,1971
Haroun,Yasenevo,1975
Barb,Rahayu,1994
Lexis,Qal‘ah-ye Shāhī,1991
Alvira,Pakenjeng,2009
Mella,Pavlovka,2002
Miner,Yao’an,1970
Katrinka,Emiliano Zapata,2001
Tildie,Casal,1977
Corina,Örnsköldsvik,1979
Carlota,Marsa Alam,1973
Ailina,Nanxinxiang,1994
Bart,Stenungsund,1998
Julita,Wuluquele,1999
Hatty,Kavadarci,2009
Demott,Yasenevo,1979
Nathalie,Sudoměřice,2007
Ardisj,Kertapura,1979
Drusy,Bressuire,2006
Nanni,Xianglong,1986
Steffane,Bronnitsy,1986
Zarah,Ash Shafā,1992
Ranique,Varnsdorf,2003
Juieta,La Calera,1977
Falito,Rimpakgede,2010
Mireille,Willemstad,2010
Morly,Villa Paula de Sarmiento,1980
Claire,Lengkong,1986
Loella,Luozhuang,1970
Tomkin,Milano,2000
Lucille,Pelileo,1984
Peg,Idrija,1978
Ev,Zambrów,1990
Susanna,Wushi,2004
Arluene,Eustaquio Lopez,1990
Jermaine,Cuiabá,1994
Lauraine,Konosha,2009
Eddie,Jiangjiazui,1981
Huntlee,Hats’avan,2005
West,Oxelösund,2008
Mathilde,Ntaur Satu,1996
Ruthann,Sidorejo,1988
Astrix,Baní,1982
Vincents,Thongwa,1991
Deane,Rohia,1970
Tuckie,Sangoleng,1995
Dee,Lazurne,2010
Ofella,Sendangkemulian,1996
Boony,Obesi,1973
Sande,Asan Kumbang,2001
Alayne,Quixeramobim,1972
Kristos,Voyutychi,1974
Jere,Salcedo,1993
Stephanie,Glagahdowo,2006
Gasparo,Weixin,2003
Cob,Tsuruga,2001
Alleyn,Zalţan,1991
Gray,Tutem,1982
Maximilien,Spas-Zaulok,1971
Prissie,Krupanj,1995
Clemmy,La Guadalupe,1982
Camilla,Moa,1992
Louis,Kokkónion,1979
Madelin,Danderyd,1990
Manuel,Travesía,1973
Johannes,Huambo,1978
Malissia,Mato Cheirinhos,2000
Ginnifer,Zhoupu,1993
Prince,Kohtla-Järve,2009
Filide,Sincelejo,2003
Erl,Qinglong,1981
Farr,Hearst,1979
Gilberta,Pop,1973
Claresta,Dashiju,2009
Josey,Kampungdesa,1984
Denys,Oesapa,1976
Warren,Laiguangying,1970
Gib,Divnomorskoye,1999
Emogene,Lugouqiao,1975
Durant,Karangnongko,1992
Ruthi,Cradock,1972
Liz,Sobinka,1971
Pooh,Caibarién,2004
Delbert,Bāgh-e Maīdān,1973
Neysa,Ngrejo,1983
Auberon,Huage,1975
Kele,Kara-Balta,1995
Lorianne,Hekou,1997
Gareth,Dijon,1971
Jerrome,Yangjiafang,1976
